Loss,Accuracy,precision,recall,f1_score
5.6129999999999995,0.505,0.5251836472286922,0.099662,0.16753210295133666
