Loss,Accuracy,precision,recall,f1_score
5.362,0.5,0.4962159691182446,0.039078,0.07245038711399841
