Loss,Accuracy,precision,recall,f1_score
10.378,0.5,0.43543788187372706,0.002138,0.004255107422555254
