Loss,Accuracy,precision,recall,f1_score
0.39799999999999996,0.8809999999999999,0.8531484491549954,0.919578,0.8851185640638656
