Loss,Accuracy,precision,recall,f1_score
8.107999999999999,0.507,0.5663234521283843,0.058192,0.10553940407380069
