Loss,Accuracy,precision,recall,f1_score
6.132999999999999,0.5,0.5348012413181616,0.007238,0.014282697965731787
