Loss,Accuracy,precision,recall,f1_score
5.22,0.5,0.5052268244575937,0.010246,0.0200846826361391
