Loss,Accuracy,precision,recall,f1_score
2.634,0.49200000000000005,0.4836734526820723,0.236348,0.31753290896730735
