Loss,Accuracy,precision,recall,f1_score
2.648,0.48700000000000004,0.37483627109763856,0.040064,0.07239060280932781
