Loss,Accuracy,precision,recall,f1_score
8.554,0.49700000000000005,0.30494704772958076,0.004204,0.00829366355424123
