Loss,Accuracy,precision,recall,f1_score
3.6319999999999997,0.499,0.49209755076407785,0.056418,0.10123016414150476
