Loss,Accuracy,precision,recall,f1_score
6.465,0.49700000000000005,0.4653319032296508,0.039046,0.0720465721323726
