Loss,Accuracy,precision,recall,f1_score
0.193,0.935,0.9102896556922903,0.966054,0.9373431784442526
