Loss,Accuracy,precision,recall,f1_score
5.263999999999999,0.48,0.3277380056361695,0.037448,0.06721578946423733
