Loss,Accuracy,precision,recall,f1_score
5.3629999999999995,0.491,0.30128121037211947,0.01378,0.026354593598014037
