Loss,Accuracy,precision,recall,f1_score
6.0760000000000005,0.502,0.5384492021489856,0.02686,0.05116755755873982
