Loss,Accuracy,precision,recall,f1_score
0.11599999999999999,0.953,0.9173299285887997,0.995802,0.9549565964563682
