Loss,Accuracy,precision,recall,f1_score
4.363,0.5660000000000001,0.6616537303200215,0.270226,0.3837320098550848
