Loss,Accuracy,precision,recall,f1_score
1.702,0.58,0.5607304034303972,0.73779,0.6371887315039603
