Loss,Accuracy,precision,recall,f1_score
4.111000000000001,0.498,0.4954453947880635,0.17818,0.26209956194157846
