Loss,Accuracy,precision,recall,f1_score
3.8569999999999998,0.501,0.5046386609682367,0.135552,0.21370127351782897
