Loss,Accuracy,precision,recall,f1_score
2.74,0.5,0.49939589091023884,0.348026,0.41019179748410917
