Loss,Accuracy,precision,recall,f1_score
6.957999999999999,0.49700000000000005,0.3672125311498754,0.008252,0.016141273306261687
