Loss,Accuracy,precision,recall,f1_score
3.3169999999999997,0.483,0.3895267941899325,0.05991,0.10384797391580183
