Loss,Accuracy,precision,recall,f1_score
4.048,0.49200000000000005,0.365132019836483,0.021794,0.04113286174798621
