Loss,Accuracy,precision,recall,f1_score
4.968,0.5,0.4967538490076053,0.037492,0.06972181568313134
