Loss,Accuracy,precision,recall,f1_score
5.678,0.49700000000000005,0.49356353172800244,0.234648,0.31807707114468053
