Loss,Accuracy,precision,recall,f1_score
4.7780000000000005,0.511,0.5519762903272671,0.113982,0.18894685279213058
