Loss,Accuracy,precision,recall,f1_score
4.1,0.49200000000000005,0.26923500881834217,0.00977,0.018855762104743084
