Loss,Accuracy,precision,recall,f1_score
6.263999999999999,0.541,0.6012457531143828,0.244214,0.34734386778364074
