Loss,Accuracy,precision,recall,f1_score
4.2860000000000005,0.502,0.5183153186731271,0.069532,0.1226151743596526
