Loss,Accuracy,precision,recall,f1_score
4.408,0.517,0.6583325518146863,0.070198,0.12686805888146896
