Loss,Accuracy,precision,recall,f1_score
6.486000000000001,0.521,0.6075350227133703,0.121168,0.20204061555289876
