Loss,Accuracy,precision,recall,f1_score
5.122000000000001,0.491,0.33284115635685424,0.017132,0.03258669750597259
