Loss,Accuracy,precision,recall,f1_score
2.4419999999999997,0.485,0.2811626281453868,0.019308,0.03613456701401365
