Loss,Accuracy,precision,recall,f1_score
1.0979999999999999,0.675,0.6914416479969954,0.633308,0.6610992920387239
