Loss,Accuracy,precision,recall,f1_score
5.206,0.49200000000000005,0.4728342973800612,0.138966,0.21480176211453744
