Loss,Accuracy,precision,recall,f1_score
4.283,0.47200000000000003,0.16377690569627779,0.013772,0.025407484618435734
