Loss,Accuracy,precision,recall,f1_score
0.026000000000000002,0.993,0.9910853137662906,0.995456,0.9932658488033885
