Loss,Accuracy,precision,recall,f1_score
0.7859999999999999,0.58,0.5476567230307887,0.917164,0.6858054679654512
