Loss,Accuracy,precision,recall,f1_score
6.321000000000001,0.515,0.5637694343367515,0.136342,0.21958062230239
