Loss,Accuracy,precision,recall,f1_score
1.474,0.49700000000000005,0.49745976819879034,0.614718,0.5499075463140635
