Loss,Accuracy,precision,recall,f1_score
1.8359999999999999,0.382,0.15576706878775345,0.053482,0.0796250556446366
