Loss,Accuracy,precision,recall,f1_score
5.103,0.4970000000000001,0.36365070600299754,0.00922,0.01798403283158792
