Loss,Accuracy,precision,recall,f1_score
3.2039999999999997,0.5529999999999999,0.6106479529429446,0.292548,0.3955815717629496
