Loss,Accuracy,precision,recall,f1_score
19.429000000000002,0.5,0.4871727056334303,0.007368,0.014516453162372283
