Loss,Accuracy,precision,recall,f1_score
3.674,0.48700000000000004,0.41304407599879017,0.060088,0.10491359050735241
