Loss,Accuracy,precision,recall,f1_score
5.08,0.51,0.536503828318775,0.14925,0.2335333557608806
