Loss,Accuracy,precision,recall,f1_score
9.874,0.34700000000000003,0.000699538435387492,0.000214,0.0003277393032936268
