Loss,Accuracy,precision,recall,f1_score
2.7910000000000004,0.465,0.3568302915363333,0.086926,0.1397966880185525
